Adam Joan | Ee Kaattu Lyric Video | Prithviraj Sukumaran | Deepak Dev | Official
Adam Joan | Ee Kaattu Lyric Video | Prithviraj Sukumaran | Deepak Dev | Official
Adam Joan | Ee Kaattu Lyric Video | Prithviraj Sukumaran | Deepak Dev | Official
Billie Eilish - you should see me in a crown (Vertical Video)
Thala | Chotta Mumbai | Sankar Mahadevan | Rahul Raj | Vayalar Sarathchandra Varma
Thala | Chotta Mumbai | Sankar Mahadevan | Rahul Raj | Vayalar Sarathchandra Varma
Marivillin | Summer in Bathlehem | Biju Narayanan | Sreenivas | Vidyasagar | Gireesh Puthanchery
Thala | Chotta Mumbai | Sankar Mahadevan | Rahul Raj | Vayalar Sarathchandra Varma
Thala | Chotta Mumbai | Sankar Mahadevan | Rahul Raj | Vayalar Sarathchandra Varma
Thala | Chotta Mumbai | Sankar Mahadevan | Rahul Raj | Vayalar Sarathchandra Varma
Sagar alias jacky | Sagar Alias Jacky Reloaded
Sagar alias jacky | Sagar Alias Jacky Reloaded
Sagar alias jacky | Sagar Alias Jacky Reloaded
Sagar alias jacky | Sagar Alias Jacky Reloaded
Sagar alias jacky | Sagar Alias Jacky Reloaded
